{"cameraMode":{"drawMode":0,"name":"Shaded","section":"Shading Mode"},"sceneLighting":true,"audioPlay":false,"sceneViewState":{"m_AlwaysRefresh":false,"showFog":true,"showSkybox":true,"showFlares":true,"showImageEffects":true,"showParticleSystems":true,"showVisualEffectGraphs":true,"m_FxEnabled":true},"in2DMode":false,"pivot":{"x":1004.9534301757813,"y":343.88800048828127,"z":375.56182861328127},"rotation":{"x":0.0626765638589859,"y":-0.13612255454063416,"z":0.008629043586552143,"w":0.9886806607246399},"size":1126.51220703125,"orthographic":false}